<Root>
	<Page id="Page_Player">
   		<View rect="0,442,512,98" drawable="half_list_bottom"/> 
		<View rect="0,356,512,86" drawable="seekbar_bk"/>

		<View rect="24,66,57,57" drawable="icon_song"/>
		<Text id="Player_Txt_Name" rect="90,70,414,48" h="30" paraStr="Left,TruncateAtEnd" color="#727272"/> 

        <View  drawable="ico_artist" rect="34,130,37,37" />
        <View  drawable="ico_album"  rect="34,179,37,37" />

        <Text  id="Player_Txt_Arist"  h="22"  paraStr="Left,TruncateAtEnd" rect="87,130,279,37"  color="#727272" />
        <Text  id="Player_Txt_Alumb" h="22"   paraStr="Left,TruncateAtEnd" rect="87,179,279,37"  color="#727272" />
        
        		 
		<Text id="Player_Txt_TimeCurrent" rect="0,393,79,23" h="18" color="#727272" paraStr="Right"/>
		<Text id="Player_Txt_TimeTotal" rect="433,393,79,23" h="18" color="#727272" paraStr="Left"/>
		<SeekBar id="Player_SeekBar" drawableExtra="music_seekbar,music_seekbar_p,music_seekbar_thumb" h="24" para="1000000" rect="90,379,332,54;7,23,318,6;0,15,24,24" color="#727272"/>
		
 
		<Button id="Player_Btn_Prev" rect="0,451,171,82" drawable="music_prev"/>
		<Button id="Player_Btn_Pause" rect="171,451,170,82" drawable="music_pause" paraStr="music_play"/>
		<Button id="Player_Btn_Next" rect="341,451,171,82" drawable="music_next"/>		 	
	</Page>
</Root>
