<Root>

    <Page id="Page_Id3" >
        <View drawable="ico_song" rect="14,10,37,37" />
        <View  drawable="ico_artist" rect="14,59,37,37" />
        <View  drawable="ico_album"  rect="14,104,37,37" />

        <Text id="Id3_Txt_Title"  h="22" paraStr="Left,TruncateAtEnd" rect="67,9,279,42" color="#727272" />
        <Text  id="Id3_Txt_Artist"  h="22"  paraStr="Left,TruncateAtEnd" rect="67,56,279,42"  color="#727272" />
        <Text  id="Id3_Txt_Album" h="22"   paraStr="Left,TruncateAtEnd" rect="67,101,279,42"  color="#727272" />
    </Page>

</Root>