<Root>
	<Page id="Page_Player">
   		<View rect="0,442,1024,98" drawable="list_bottom"/> 
		<View rect="0,356,1024,86" drawable="seekbar_bk"/>
		<View rect="67,75,238,238" drawable="music_id3pic_default"/>
 		<View id="Player_APIC" rect="67,75,238,238"/>  
		<View rect="67,75,238,238" drawable="music_id3_cover"/>
		<View rect="374,106,57,57" drawable="icon_song"/>
<!-- 		<View id="Player_APIC" rect="131,81,197,196"/> -->
		<Text id="Player_Txt_Index" rect="97,313,169,24" h="20" color="#727272"/> 
		<Text id="Player_Txt_Name" rect="453,110,373,48" h="30" paraStr="Left,TruncateAtEnd" color="#727272"/> 
		 
		<Text id="Player_Txt_TimeCurrent" rect="55,393,79,23" h="18" color="#727272" paraStr="Right"/>
		<Text id="Player_Txt_TimeTotal" rect="897,393,79,23" h="18" color="#727272" paraStr="Left"/>
		<SeekBar id="Player_SeekBar" drawableExtra="music_seekbar,music_seekbar_p,music_seekbar_thumb" h="24" para="1000000" rect="143,379,738,54;7,23,722,6;0,15,24,24" color="#727272"/>
		
		<Button id="Player_Btn_Mode" rect="908,8,85,85" para="0" drawable="music_modecycle" paraStr="music_modesingle,music_modeshuffle,music_modeorder">
		</Button> 
		<Button id="Player_Btn_Add2Favorite" rect="806,9,85,85" drawable="music_fav_add" paraStr="music_fav_del"/>
		<Button id="Player_Btn_SoundEffect" rect="4,451,196,82" drawable="music_voleffect"/> > 
<!-- 		<Button id="Player_Btn_MusicSet" rect="845,271,137,78" drawable="music_set"/>  -->
		<Button id="Player_Btn_Prev" rect="210,451,196,82" drawable="music_prev"/>
		<Button id="Player_Btn_Pause" rect="415,451,196,82" drawable="music_pause" paraStr="music_play"/>
		<Button id="Player_Btn_Next" rect="619,451,196,82" drawable="music_next"/>		 	
		<Button id="Player_Btn_List" rect="825,451,196,82"  drawable="music_list"/>
	 	<ViewPage id="Player_ViewPage" rect="363,164,423,185" paraStr="Page_Id3,Page_Lrc,Page_Spec"/>  
	<!-- 	<View id="Player_View1Focus" rect="490,300,16,16" drawable="music_indicator"/> -->
		<!-- <View id="Player_View2Focus" rect="530,300,16,16" drawable="music_indicator"/> -->
		<Text id="Player_Txt_TipErr" gravity="wrap_content,wrap_content,Center" h="25" color="#00ff00" drawable="toast_bg"/>
		<Text id="Player_Txt_Scan" gravity="wrap_content,wrap_content,Center" h="25" color="#00ff00" drawable="toast_bg" visible="GONE"/>
		<View id="Player_View_Download" rect="438,196,155,155" drawable="prog_bg">
			<ProgressBar id="Player_Prog_Download" gravity="147,147,Center" drawableExtra="load"/>
		</View>
	</Page>
</Root>
